,0
0,julpa
1,nailin
2,hogan
3,sheril
4,milen
5,anayvette
6,banorte
7,andrei
8,jilma
9,kiele
10,marijose
11,addy
12,calen
13,marijose
14,ilia
15,dkb
16,shama
17,olma
18,carel
19,bradlie
20,fatoumata
21,m
22,dafnee
23,jos
24,dr
25,jacquelinee
26,lygie
27,isabela
28,h
29,dahn
30,nafkot
31,philippe
32,chelsi
33,rusia
34,chrystel
35,estuardo
36,linus
37,gauri
38,yasith
39,alfonos
40,dayrin
41,jaffid
42,evely
43,marley
44,bronson
45,courtland
46,taniel
47,harald
48,miah
49,j
50,hariet
51,a
52,naceres
53,kimmel
54,philippe
55,lilah
56,p
57,gimmer
58,michaelene
59,nicelma
60,mig
61,visa
62,jhovana
63,valued
64,mayor
65,deyanira
66,a
67,not
68,marjolaine
69,emilienne
70,citibanamex
71,itzel
72,nuris
73,alvar
74,mayda
75,breyner
76,lirba
77,campos
78,shally
79,lynaris
80,milinda
81,jesper
82,ghita
83,katuzka
84,rhianne
85,carolita
86,marleny
87,idea
88,vivi
89,milancita
90,johann
91,bita
92,noris
93,carmelino
94,prescilla
95,yann
96,amory
97,iset
98,tima
99,palacios
100,dr
101,tinikriete
102,halima
103,c
104,viviann
105,bancomer
106,fulchiron
107,jos
108,javiera
109,sharmain
110,ribiana
111,center
112,katya
113,waleska
114,yomarie
115,euda
116,cooper
117,shahjahan
118,sibia
119,sdasaddas
120,hernandez
121,h
122,nilza
123,charloth
124,deyanara
125,quanison
126,american
127,dr
128,karim
129,katty
130,anaise
131,emyleen
132,rajni
133,roserita
134,mengqi
135,pruvot
136,citlalli
137,marleine
138,gwendoline
139,kamal
140,milana
141,silda
142,maurlio
143,gudelia
144,linoy
145,aurelie
146,jennese
147,linzey
148,crisel
149,liduvina
150,selean
151,eeva
152,vivi
153,dilania
154,gendry
155,inbal
156,j
157,fulchiron
158,yexsy
159,alegria
160,j
161,alwin
162,tabata
163,pratik
164,krytzia
165,mr
166,suan
167,mrs
168,m
169,morelia
170,marines
171,amarilis
172,zamantha
173,daisie
174,maxim
175,nattalia
176,stine
177,marleny
178,issis
179,vjollca
180,arabelle
181,mayanin
182,vitur
183,andr
184,ver
185,donatela
186,yaneliz
187,phyllida
188,benoit
189,anela
190,yossimar
191,l
192,sudan
193,cliente
194,m
195,gaile
196,xiana
197,koehler
198,leivi
199,mr
200,hidalguenses
201,kelsea
202,megann
203,mayerith
204,fabrice
205,shamara
206,m
207,la
208,adwoa
209,f
210,samayoa
211,mayeli
212,j
213,arquimides
214,fredi
215,elisandra
216,wenceslao
217,b
218,annabella
219,riad
220,aviva
221,mcml
222,noeh
223,lazlo
224,monteros
225,grischa
226,montufar
227,giancarlo
228,jacy
229,f
230,josmell
231,jameson
232,kartik
233,annabella
234,anders
235,osbourne
236,jelissa
237,equality
238,mikkel
239,rubenia
240,kama
241,lorenna
242,meili
243,francia
244,katalya
245,norton
246,ejoaquin
247,hari
248,yosadhara
249,nalini
250,jayesh
251,katryn
252,yoanna
253,ramesh
254,tedi
255,nere
256,lauchlin
257,izzaddine
258,eszter
259,euria
260,m
261,nexus
262,adrianan
263,najib
264,saikrishna
265,kieran
266,davit
267,murali
268,prishni
269,marivelton
270,anakin
271,metzeri
272,yanci
273,minhchau
274,otalitzia
275,graziella
276,angell
277,k
278,darrio
279,lesly
280,nitika
281,lesbia
282,illiana
283,fai
284,dunia
285,a
286,geovanni
287,giulia
288,ayleen
289,aidan
290,survey
291,hetali
292,la
293,mikalah
294,hwnt
295,agus
296,estuardo
297,antonello
298,roci
299,guntram
300,zayan
301,k
302,aunnalea
303,dr
304,niklaus
305,nanlouise
306,matzine
307,c
308,sayda
309,p
310,mariandre
311,dr
312,olinshar
313,dessy
314,gunilla
315,itzel
316,joselline
317,c
318,k
319,zalie
320,tatianna
321,bernd
322,isabela
323,dezi
324,vishal
325,lesly
326,nyoka
327,noris
328,daya
329,bas
330,mria
331,annabella
332,marizza
333,praxedes
334,banorte
335,naceres
336,graybill
337,divya
338,karenth
339,lemerle
340,danilyn
341,coby
342,nitzela
343,satu
344,kersti
345,karraa
346,tactical
347,banco
348,anka
349,hendrika
350,enric
351,los
352,silky
353,lamisse
354,ilsa
355,viliami
356,hsbc
357,sof
358,perfiles
359,anais
360,no
361,nesip
362,laisha
363,maik
364,bbva
365,m
366,dhyan
367,areli
368,julisa
369,dileimys
370,zakary
371,aasia
372,licia
373,natascha
374,banorte
375,sigalit
376,tabbarah
377,nils
378,valinda
379,sonsera
380,vondee
381,sita
382,j
383,sandeep
384,elanna
385,oriel
386,serwah
387,j
388,mr
389,l
390,san
391,the
392,anitza
393,djm
394,andrej
395,otono
396,grazia
397,farzana
398,idania
399,sai
400,shantee
401,garazi
402,jerusha
403,salonsolord
404,nikolaus
405,maracela
406,yeimi
407,bach
408,chenxi
409,bavi
410,chinedum
411,metzeri
412,thresia
413,silvane
414,v
415,comdata
416,schuck
417,francelia
418,aidan
419,rottmann
420,lymaris
421,sibelan
422,amna
423,sheilla
424,bpost
425,lambert
426,bria
427,mr
428,dooyeun
429,allee
430,niels
431,miochael
432,a
433,regino
434,dore
435,deylin
436,mayerling
437,ms
438,cd
439,emmeline
440,hispanics
441,mayela
442,alheli
443,rosine
444,eder
445,portillo
446,michela
447,gislin
448,deborha
449,yesica
450,reetta
451,lyuba
452,lambert
453,helener
454,global
455,bharat
456,floris
457,magalis
458,farm
459,calvert
460,larryd
461,aylwin
462,ilan
463,iv
464,midel
465,rubenia
466,laerke
467,brit
468,hiwot
469,juanamaria
470,c
471,laurita
472,ashish
473,kingsley
474,nausicaa
475,noga
476,armelle
477,maximilian
478,inanna
479,r
480,ilia
481,keysha
482,fatema
483,baptist
484,davin
485,lucian
486,sofie
487,dr
488,malte
489,10
490,gautam
491,marley
492,mr
493,ixchel
494,kiva
495,lainie
496,ms
497,m
498,ita
499,antonella
500,maaza
501,deyanira
502,isaure
503,atanacio
504,m
505,l
506,katya
507,nicoleta
508,katalya
509,ibarra
510,andr
511,sinthia
512,merian
513,jessy
514,katrine
515,xochilt
516,m
517,j
518,trisja
519,keerthana
520,r
521,favianna
522,osvelia
523,mgj
524,m
525,evelyng
526,aurolyn
527,shanthi
528,haruko
529,jos
530,troels
531,alvar
532,l
533,jakeline
534,doranda
535,christophe
536,anais
537,cuenta
538,ak
539,philippe
540,vashyra
541,ms
542,jolinda
543,connor
544,ramses
545,j
546,undaunted
547,sheprpi
548,maciej
549,roban
550,sof
551,sikivu
552,basia
553,makiyah
554,allana
555,c
556,karyed
557,courteny
558,eluvia
559,giuliana
560,giovany
561,m
562,lorelle
563,tahyri
564,dr
565,dallimis
566,cueponcaxochitl
567,magdleno
568,santander
569,s
570,zahira
571,aarthi
572,merejilda
573,dipti
574,barthes
575,watko
576,hsbc
577,jannene
578,e
579,ilsa
580,robbyne
581,griff
582,thania
583,ariadna
584,m
585,shiva
586,gilian
587,kistine
588,merly
589,liset
590,rembrand
591,the
592,demetrios
593,blandine
594,jos
595,brittan
596,anayely
597,adriaan
598,steffany
599,cr
600,laurance
601,branko
602,lenin
603,m
604,av
605,sergei
606,leti
607,lim
608,miu
609,vittorina
610,ravyn
611,huikyong
612,yissel
613,latinitas
614,mrs
615,zelina
616,roc
617,centro
618,aruna
619,ram
620,urmila
621,lariza
622,gavino
623,gaudy
624,margini
625,renoir
626,niklaus
627,saralyn
628,charlot
629,c
630,magely
631,jossue
632,nithya
633,guisela
634,c
635,lizdebeth
636,alessio
637,alhely
638,shoshannah
639,arlenis
640,cyntha
641,idalicia
642,mundial
643,sonvya
644,yumiko
645,vidhya
646,lizandro
647,guiomar
648,jos
649,zhi
650,american
651,anupama
652,castle
653,weihui
654,count
655,meital
656,katrin
657,subroto
658,jeannes
659,adda
660,costantino
661,vestalia
662,yania
663,favio
664,estefania
665,no
666,visa
667,centro
668,kency
669,charde
670,chaussy
671,j
672,emilienne
673,ujjaini
674,abisola
675,arja
676,arend
677,krisanne
678,lorenia
679,grecia
680,magaldy
681,mr
682,rahul
683,anupam
684,sivan
685,j
686,m
687,bodil
688,dr
689,satina
690,deyanira
691,branka
692,leobardo
693,kaja
694,j
695,prisila
696,mr
697,eloro
698,carinne
699,dayanna
700,yali
701,ilan
702,flaco
703,glorismel
704,olsi
705,rj
706,enma
707,anik
708,francuca
709,yenis
710,f
711,shilpa
712,sauvaire
713,deeta
714,jamir
715,dr
716,audel
717,lambert
718,rubenia
719,emilienne
720,shayok
721,neris
722,aury
723,visa
724,aceves
725,harbeer
726,idana
727,edi
728,hasdai
729,j
730,yessel
731,aracelly
732,odet
733,mr
734,f
735,dayanna
736,gisselle
737,itziar
738,masha
739,ludka
740,celisa
741,misael
742,sister
743,patriciaa
744,tino
745,isabela
746,fedelma
747,laxmi
748,herlindo
749,saira
750,kartik
751,samy
752,wyn
753,reza
754,confia
755,satnirmal
756,pivotal
757,junueth
758,anah
759,f
760,d
761,l
762,francois
763,r
764,hadley
765,parmentier
766,alborz
767,job
768,carino
769,arabella
770,zach
771,m
772,alcira
773,osha
774,isandra
775,nester
776,josias
777,j
778,g
779,heydi
780,alando
781,neyla
782,jeaneth
783,kihan
784,simina
785,mirela
786,orfelinda
787,santander
788,rahsaan
789,humaira
790,estephan
791,yasamine
792,aixa
793,marichel
794,ngeles
795,siqi
796,amandine
797,deyanira
798,j
799,birju
800,navyatha
801,l
802,harper
803,yari
804,natsu
805,lourdez
806,joaqu
807,yousra
808,j
809,pili
810,tshaka
811,nohora
812,alicja
813,a
814,zuleyma
815,jy
816,luc
817,ericson
818,jameson
819,dr
820,wilhelm
821,alioska
822,andreya
823,giries
824,glo
825,rub
826,showcase
827,alessio
828,ach
829,isabela
830,jos
831,jetty
832,yenny
833,marshane
834,geramie
835,visa
836,mirtala
837,arlenis
838,comunidad
839,ismaris
840,elisabetta
841,shigemi
842,r
843,bobbe
844,suyapa
845,hendrick
846,jazmyn
847,walfre
848,mr
849,maricarmen
850,marianita
851,tilden
852,xinyang
853,ellyson
854,alistair
855,rilla
856,v
857,hermilo
858,onno
859,anise
860,raia
861,blankenship
862,shaily
863,qiao
864,johamy
865,yomara
866,arriaga
867,reshem
868,marilin
869,kerith
870,rudiger
871,franck
872,red
873,tatjana
874,lexi
875,yowei
876,g
877,la
878,altus
879,asier
880,marlom
881,dumas
882,dany
883,t
884,krusheinska
885,s
886,a
887,jos
888,coby
889,yaneth
890,mady
891,ludovica
892,anu
893,indra
894,graeme
895,ramsay
896,everest
897,praveen
898,e
899,vianey
900,madelein
901,tamieka
902,alexandre
903,lennarth
904,f
905,estefania
906,helda
907,j
908,homa
909,p
910,yanner
911,ariadne
912,estuardo
913,de
914,ender
915,e
916,hyatt
917,krissa
918,urs
919,doriela
920,semar
921,ver
922,ninoishka
923,luca
924,m
925,prateek
926,cielo
927,dimas
928,cinthya
929,heinz
930,arles
931,bancomer
932,tomoya
933,clairmont
934,master
935,antonius
936,anai
937,janni
938,elizar
939,addy
940,malva
941,the
942,alvarez
943,mr
944,hartnell
945,eilyn
946,rhina
947,outi
948,magdaleno
949,gast
950,adda
951,giovani
952,claudin
953,colombia
954,sanaa
955,sancha
956,narlie
957,magdaleno
958,lanya
959,nayira
960,baldemar
961,katya
962,osagumwena
963,dr
964,chiara
965,fernandez
966,capital
967,chrystine
968,ra
969,ajaris
970,gustave
971,f
972,radovan
973,rexy
974,richa
975,sua
976,hem
977,karime
978,bacilio
979,jessalynn
980,peggi
981,damna
982,viji
983,susely
984,lizesthgab
985,lya
986,s
987,osarumwense
988,puiyee
989,perfil
990,kristenelle
991,edit
992,sunland
993,claret
994,habi
995,serge
996,hosmel
997,vinicio
998,f
999,annabella
1000,evely
1001,mishel
1002,ariadna
1003,levis
1004,brownie
1005,camy
1006,slate
1007,marielena
1008,d
1009,nixola
1010,the
1011,philipp
1012,thanneermalai
1013,karis
1014,yarida
1015,dr
1016,ang
1017,ritika
1018,bobbette
1019,m
1020,for
1021,mirellise
1022,malini
1023,bonicca
1024,ngel
1025,yasmir
1026,vasthi
1027,karalyn
1028,juwon
1029,bismarck
1030,maija
1031,rosamar
1032,isha
1033,booster
1034,tenley
1035,byrl
1036,anupama
1037,laurentino
1038,kiran
1039,moya
1040,johannes
1041,elver
1042,marielisa
1043,anais
1044,jos
1045,courtenay
1046,tiitto
1047,meresa
1048,homies
1049,s
1050,melquisede
1051,allida
1052,bevin
1053,luanis
1054,deyanira
1055,genta
1056,marixa
1057,ishtar
1058,danice
1059,cadelba
1060,elodie
1061,guthrie
1062,j
1063,tullia
1064,sadhna
1065,leazeth
1066,anil
1067,stowell
1068,mrs
1069,sway
1070,amelya
1071,olalla
1072,antigona
1073,v
1074,chat
1075,mr
1076,mixcoatl
1077,edilberto
1078,gwynne
1079,preiss
1080,blaire
1081,bria
1082,497dumont
1083,shaul
1084,navid
1085,dorys
1086,beena
1087,h
1088,mayron
1089,beena
1090,sor
1091,zully
1092,banamex
1093,rayonelle
1094,jaslina
1095,community
1096,giuliana
1097,sandibel
1098,arman
1099,klaus
1100,gyong
1101,aids
1102,sherab
1103,tenzin
1104,liliane
1105,amey
1106,incheol
1107,esduardo
1108,nachiely
1109,jamii
1110,azita
1111,nalleli
1112,corin
1113,yeon
1114,greetchen
1115,lubia
1116,marysabel
1117,enah
1118,alexandro
1119,dawkins
1120,shalyn
1121,maubon
1122,timna
1123,nolvia
1124,dr
1125,n
1126,j
1127,zahlen
1128,demise
1129,grerald
1130,sucharita
1131,estrellita
1132,avik
1133,estienne
1134,aysun
1135,macuilxochitl
1136,liisa
1137,lesly
1138,tema
1139,yelitza
1140,estuardo
1141,salem
1142,geroge
1143,m
1144,w
1145,levy
1146,h
1147,maricarmen
1148,wooden
1149,loral
1150,f
1151,yusaf
1152,katty
1153,karenth
1154,kircher
1155,arpi
1156,satsi
1157,danelly
1158,mellanie
1159,hsbc
1160,ehood
1161,lanaea
1162,jetty
1163,m
1164,beautiful
1165,cristino
1166,lourdez
1167,lizet
1168,eur
1169,j
1170,mareli
1171,jimmi
1172,ferdin
1173,dr
1174,georgeanne
1175,c
1176,alivia
1177,kyrsis
1178,hugues
1179,adenike
1180,cleber
1181,saduf
1182,estephania
1183,herberth
1184,archana
1185,offline
1186,carlin
1187,dimas
1188,arika
1189,isael
1190,meriwether
1191,rossanna
1192,yusef
1193,erendira
1194,jaran
1195,omeil
1196,sahra
1197,rosaclaire
1198,bayard
1199,k
1200,yolany
1201,espinosa
1202,marielisa
1203,jos
1204,mariadelpilar
1205,gurinder
1206,vlasopoulos
1207,tadao
1208,eri
1209,quita
1210,erandi
1211,daljit
1212,amelie
1213,yenis
1214,yordanka
1215,gregroy
1216,amit
1217,lirexi
1218,johannes
1219,lianna
1220,debit
1221,luisandra
1222,lancio
1223,alondra
1224,oneill
1225,ander
1226,yaritza
1227,bertolain
1228,jos
1229,seamus
1230,j
1231,lesly
1232,f
1233,amora
1234,anonymous
1235,grenville
1236,pablick
1237,ruchi
1238,caelan
1239,nayely
1240,sanae
1241,j
1242,anayte
1243,liuba
1244,e
1245,maclane
1246,leisy
1247,dawa
1248,s
1249,mr
1250,jos
1251,fatoumata
1252,zorylaine
1253,shiree
1254,rosi
1255,marieliz
1256,jahmese
1257,visa
1258,arata
1259,ryo
1260,madhuri
1261,mr
1262,a
1263,muthu
1264,samir
1265,hip
1266,azael
1267,ms
1268,m
1269,lange
1270,mr
1271,emmi
1272,asdrubal
1273,mcneill
1274,viridiana
1275,platinum
1276,marler
1277,yeraldine
1278,ashwin
1279,calais
1280,margen
1281,venetia
1282,teanne
1283,bernardita
1284,bastien
1285,mariya
1286,tayron
1287,palmar
1288,am
1289,marili
1290,radka
1291,emille
1292,bbva
1293,ginna
1294,janvieve
1295,yaqueline
1296,nayibe
1297,connor
1298,xiaorong
1299,p
1300,locke
1301,ellendennis
1302,makiko
1303,terrye
1304,f
1305,maciej
1306,caralisa
1307,killian
1308,m
1309,manolo
1310,katya
1311,c
1312,ryuichi
1313,eungie
1314,sanjay
1315,jessamyn
1316,yoc
1317,joerg
1318,abilio
1319,yolaina
1320,onuka
1321,y
1322,fulchiron
1323,mariion
1324,patrisha
1325,magna
1326,s
1327,jos
1328,citlali
1329,locke
1330,ldurdes
1331,ahcorp
1332,jacky
1333,marisaly
1334,yuliya
1335,aimet
1336,lukasz
1337,kiranpal
1338,j
1339,dr
1340,meridian
1341,pascal
1342,fortunata
1343,reisa
1344,jeydith
1345,y
1346,n
1347,lysandra
1348,katrin
1349,a
1350,nirant
1351,stanlee
1352,dixon
1353,christianne
1354,santander
1355,elsayed
1356,ismail
1357,eloysa
1358,jolley
1359,maico
1360,suadad
1361,vollinger
1362,mckensey
1363,libbhy
1364,oyuki
1365,branwen
1366,juno
1367,mariza
1368,dace
1369,l
1370,deliana
1371,kleinsy
1372,cuny
1373,martamaria
1374,w
1375,scar
1376,arellana
1377,maico
1378,cinthya
1379,sheela
1380,mery
1381,sergei
1382,superflash
1383,dorn
1384,dr
1385,patrisia
1386,anali
1387,j
1388,yosh
1389,ruh
1390,lene
1391,sr
1392,imhof
1393,cillea
1394,barth
1395,j
1396,anabell
1397,irela
1398,m
1399,suresh
